"TIME","GEO","CITIZEN","UNIT","Value"
"1985","European Union (27 countries)","Total","Person",":"
"1985","Belgium","Total","Person","5,385"
"1985","Bulgaria","Total","Person",":"
"1985","Czech Republic","Total","Person",":"
"1985","Denmark","Total","Person","8,700"
"1985","Germany (until 1990 former territory of the FRG)","Total","Person","73,830"
"1985","Estonia","Total","Person",":"
"1985","Ireland","Total","Person",":"
"1985","Greece","Total","Person","1,400"
"1985","Spain","Total","Person","2,300"
"1985","France","Total","Person","28,925"
"1985","Italy","Total","Person","5,400"
"1985","Cyprus","Total","Person",":"
"1985","Latvia","Total","Person",":"
"1985","Lithuania","Total","Person",":"
"1985","Luxembourg","Total","Person","80"
"1985","Hungary","Total","Person",":"
"1985","Malta","Total","Person",":"
"1985","Netherlands","Total","Person","5,645"
"1985","Austria","Total","Person","6,725"
"1985","Poland","Total","Person",":"
"1985","Portugal","Total","Person","70"
"1985","Romania","Total","Person",":"
"1985","Slovenia","Total","Person",":"
"1985","Slovakia","Total","Person",":"
"1985","Finland","Total","Person","20"
"1985","Sweden","Total","Person","14,500"
"1985","United Kingdom","Total","Person","6,200"
"1985","Iceland","Total","Person",":"
"1985","Norway","Total","Person","830"
"1985","Switzerland","Total","Person",":"
"1986","European Union (27 countries)","Total","Person",":"
"1986","Belgium","Total","Person","7,645"
"1986","Bulgaria","Total","Person",":"
"1986","Czech Republic","Total","Person",":"
"1986","Denmark","Total","Person","9,300"
"1986","Germany (until 1990 former territory of the FRG)","Total","Person","99,650"
"1986","Estonia","Total","Person",":"
"1986","Ireland","Total","Person",":"
"1986","Greece","Total","Person","4,300"
"1986","Spain","Total","Person","2,300"
"1986","France","Total","Person","26,290"
"1986","Italy","Total","Person","6,500"
"1986","Cyprus","Total","Person",":"
"1986","Latvia","Total","Person",":"
"1986","Lithuania","Total","Person",":"
"1986","Luxembourg","Total","Person","90"
"1986","Hungary","Total","Person",":"
"1986","Malta","Total","Person",":"
"1986","Netherlands","Total","Person","5,865"
"1986","Austria","Total","Person","8,640"
"1986","Poland","Total","Person",":"
"1986","Portugal","Total","Person","120"
"1986","Romania","Total","Person",":"
"1986","Slovenia","Total","Person",":"
"1986","Slovakia","Total","Person",":"
"1986","Finland","Total","Person","25"
"1986","Sweden","Total","Person","14,600"
"1986","United Kingdom","Total","Person","5,700"
"1986","Iceland","Total","Person",":"
"1986","Norway","Total","Person","2,720"
"1986","Switzerland","Total","Person","8,195"
"1987","European Union (27 countries)","Total","Person",":"
"1987","Belgium","Total","Person","5,975"
"1987","Bulgaria","Total","Person",":"
"1987","Czech Republic","Total","Person",":"
"1987","Denmark","Total","Person","2,725"
"1987","Germany (until 1990 former territory of the FRG)","Total","Person","57,380"
"1987","Estonia","Total","Person",":"
"1987","Ireland","Total","Person","50"
"1987","Greece","Total","Person","6,300"
"1987","Spain","Total","Person","2,500"
"1987","France","Total","Person","27,670"
"1987","Italy","Total","Person","11,000"
"1987","Cyprus","Total","Person",":"
"1987","Latvia","Total","Person",":"
"1987","Lithuania","Total","Person",":"
"1987","Luxembourg","Total","Person","100"
"1987","Hungary","Total","Person",":"
"1987","Malta","Total","Person",":"
"1987","Netherlands","Total","Person","13,460"
"1987","Austria","Total","Person","11,405"
"1987","Poland","Total","Person",":"
"1987","Portugal","Total","Person","180"
"1987","Romania","Total","Person",":"
"1987","Slovenia","Total","Person",":"
"1987","Slovakia","Total","Person",":"
"1987","Finland","Total","Person","50"
"1987","Sweden","Total","Person","18,115"
"1987","United Kingdom","Total","Person","5,865"
"1987","Iceland","Total","Person","5"
"1987","Norway","Total","Person","8,615"
"1987","Switzerland","Total","Person","10,680"
"1988","European Union (27 countries)","Total","Person",":"
"1988","Belgium","Total","Person","4,510"
"1988","Bulgaria","Total","Person",":"
"1988","Czech Republic","Total","Person",":"
"1988","Denmark","Total","Person","4,670"
"1988","Germany (until 1990 former territory of the FRG)","Total","Person","103,075"
"1988","Estonia","Total","Person",":"
"1988","Ireland","Total","Person","50"
"1988","Greece","Total","Person","9,300"
"1988","Spain","Total","Person","4,515"
"1988","France","Total","Person","34,350"
"1988","Italy","Total","Person","1,300"
"1988","Cyprus","Total","Person",":"
"1988","Latvia","Total","Person",":"
"1988","Lithuania","Total","Person",":"
"1988","Luxembourg","Total","Person","45"
"1988","Hungary","Total","Person",":"
"1988","Malta","Total","Person",":"
"1988","Netherlands","Total","Person","7,485"
"1988","Austria","Total","Person","15,790"
"1988","Poland","Total","Person",":"
"1988","Portugal","Total","Person","250"
"1988","Romania","Total","Person",":"
"1988","Slovenia","Total","Person",":"
"1988","Slovakia","Total","Person",":"
"1988","Finland","Total","Person","65"
"1988","Sweden","Total","Person","19,595"
"1988","United Kingdom","Total","Person","5,740"
"1988","Iceland","Total","Person",":"
"1988","Norway","Total","Person","6,600"
"1988","Switzerland","Total","Person","16,220"
"1989","European Union (27 countries)","Total","Person",":"
"1989","Belgium","Total","Person","8,190"
"1989","Bulgaria","Total","Person",":"
"1989","Czech Republic","Total","Person",":"
"1989","Denmark","Total","Person","4,590"
"1989","Germany (until 1990 former territory of the FRG)","Total","Person","121,320"
"1989","Estonia","Total","Person",":"
"1989","Ireland","Total","Person","40"
"1989","Greece","Total","Person","6,500"
"1989","Spain","Total","Person","4,075"
"1989","France","Total","Person","61,420"
"1989","Italy","Total","Person","2,240"
"1989","Cyprus","Total","Person",":"
"1989","Latvia","Total","Person",":"
"1989","Lithuania","Total","Person",":"
"1989","Luxembourg","Total","Person","85"
"1989","Hungary","Total","Person",":"
"1989","Malta","Total","Person",":"
"1989","Netherlands","Total","Person","13,900"
"1989","Austria","Total","Person","21,880"
"1989","Poland","Total","Person",":"
"1989","Portugal","Total","Person","115"
"1989","Romania","Total","Person",":"
"1989","Slovenia","Total","Person",":"
"1989","Slovakia","Total","Person",":"
"1989","Finland","Total","Person","180"
"1989","Sweden","Total","Person","30,335"
"1989","United Kingdom","Total","Person","16,775"
"1989","Iceland","Total","Person","10"
"1989","Norway","Total","Person","4,435"
"1989","Switzerland","Total","Person","24,110"
"1990","European Union (27 countries)","Total","Person",":"
"1990","Belgium","Total","Person","12,945"
"1990","Bulgaria","Total","Person",":"
"1990","Czech Republic","Total","Person",":"
"1990","Denmark","Total","Person","5,290"
"1990","Germany (until 1990 former territory of the FRG)","Total","Person","193,065"
"1990","Estonia","Total","Person",":"
"1990","Ireland","Total","Person","60"
"1990","Greece","Total","Person","4,100"
"1990","Spain","Total","Person","8,645"
"1990","France","Total","Person","54,815"
"1990","Italy","Total","Person","3,570"
"1990","Cyprus","Total","Person",":"
"1990","Latvia","Total","Person",":"
"1990","Lithuania","Total","Person",":"
"1990","Luxembourg","Total","Person","115"
"1990","Hungary","Total","Person",":"
"1990","Malta","Total","Person",":"
"1990","Netherlands","Total","Person","21,210"
"1990","Austria","Total","Person","22,790"
"1990","Poland","Total","Person",":"
"1990","Portugal","Total","Person","60"
"1990","Romania","Total","Person",":"
"1990","Slovenia","Total","Person",":"
"1990","Slovakia","Total","Person",":"
"1990","Finland","Total","Person","2,745"
"1990","Sweden","Total","Person","29,420"
"1990","United Kingdom","Total","Person","38,200"
"1990","Iceland","Total","Person","5"
"1990","Norway","Total","Person","3,960"
"1990","Switzerland","Total","Person","35,565"
"1991","European Union (27 countries)","Total","Person",":"
"1991","Belgium","Total","Person","15,445"
"1991","Bulgaria","Total","Person",":"
"1991","Czech Republic","Total","Person",":"
"1991","Denmark","Total","Person","4,610"
"1991","Germany (until 1990 former territory of the FRG)","Total","Person","256,110"
"1991","Estonia","Total","Person",":"
"1991","Ireland","Total","Person","30"
"1991","Greece","Total","Person","2,700"
"1991","Spain","Total","Person","8,140"
"1991","France","Total","Person","47,380"
"1991","Italy","Total","Person","24,490"
"1991","Cyprus","Total","Person",":"
"1991","Latvia","Total","Person",":"
"1991","Lithuania","Total","Person",":"
"1991","Luxembourg","Total","Person","240"
"1991","Hungary","Total","Person",":"
"1991","Malta","Total","Person",":"
"1991","Netherlands","Total","Person","21,615"
"1991","Austria","Total","Person","27,305"
"1991","Poland","Total","Person",":"
"1991","Portugal","Total","Person","235"
"1991","Romania","Total","Person","315"
"1991","Slovenia","Total","Person",":"
"1991","Slovakia","Total","Person",":"
"1991","Finland","Total","Person","2,135"
"1991","Sweden","Total","Person","27,350"
"1991","United Kingdom","Total","Person","73,400"
"1991","Iceland","Total","Person","20"
"1991","Norway","Total","Person","4,570"
"1991","Switzerland","Total","Person","41,240"
"1992","European Union (27 countries)","Total","Person",":"
"1992","Belgium","Total","Person","17,675"
"1992","Bulgaria","Total","Person",":"
"1992","Czech Republic","Total","Person",":"
"1992","Denmark","Total","Person","13,885"
"1992","Germany (until 1990 former territory of the FRG)","Total","Person","438,190"
"1992","Estonia","Total","Person",":"
"1992","Ireland","Total","Person","40"
"1992","Greece","Total","Person","2,110"
"1992","Spain","Total","Person","11,710"
"1992","France","Total","Person","28,870"
"1992","Italy","Total","Person","2,590"
"1992","Cyprus","Total","Person",":"
"1992","Latvia","Total","Person",":"
"1992","Lithuania","Total","Person",":"
"1992","Luxembourg","Total","Person","120"
"1992","Hungary","Total","Person",":"
"1992","Malta","Total","Person",":"
"1992","Netherlands","Total","Person","20,345"
"1992","Austria","Total","Person","16,240"
"1992","Poland","Total","Person",":"
"1992","Portugal","Total","Person","655"
"1992","Romania","Total","Person","425"
"1992","Slovenia","Total","Person",":"
"1992","Slovakia","Total","Person","85"
"1992","Finland","Total","Person","3,635"
"1992","Sweden","Total","Person","84,020"
"1992","United Kingdom","Total","Person","32,300"
"1992","Iceland","Total","Person","15"
"1992","Norway","Total","Person","5,240"
"1992","Switzerland","Total","Person","18,935"
"1993","European Union (27 countries)","Total","Person",":"
"1993","Belgium","Total","Person","26,715"
"1993","Bulgaria","Total","Person",":"
"1993","Czech Republic","Total","Person",":"
"1993","Denmark","Total","Person","14,345"
"1993","Germany (until 1990 former territory of the FRG)","Total","Person","322,600"
"1993","Estonia","Total","Person",":"
"1993","Ireland","Total","Person","90"
"1993","Greece","Total","Person","860"
"1993","Spain","Total","Person","12,645"
"1993","France","Total","Person","27,565"
"1993","Italy","Total","Person","1,320"
"1993","Cyprus","Total","Person",":"
"1993","Latvia","Total","Person",":"
"1993","Lithuania","Total","Person",":"
"1993","Luxembourg","Total","Person","225"
"1993","Hungary","Total","Person",":"
"1993","Malta","Total","Person",":"
"1993","Netherlands","Total","Person","35,400"
"1993","Austria","Total","Person","4,745"
"1993","Poland","Total","Person",":"
"1993","Portugal","Total","Person","2,090"
"1993","Romania","Total","Person","930"
"1993","Slovenia","Total","Person",":"
"1993","Slovakia","Total","Person","95"
"1993","Finland","Total","Person","2,025"
"1993","Sweden","Total","Person","37,580"
"1993","United Kingdom","Total","Person","28,500"
"1993","Iceland","Total","Person","0"
"1993","Norway","Total","Person","12,875"
"1993","Switzerland","Total","Person","25,235"
"1994","European Union (27 countries)","Total","Person",":"
"1994","Belgium","Total","Person","14,340"
"1994","Bulgaria","Total","Person",":"
"1994","Czech Republic","Total","Person",":"
"1994","Denmark","Total","Person","6,650"
"1994","Germany (until 1990 former territory of the FRG)","Total","Person","127,210"
"1994","Estonia","Total","Person",":"
"1994","Ireland","Total","Person","360"
"1994","Greece","Total","Person","1,105"
"1994","Spain","Total","Person","11,990"
"1994","France","Total","Person","25,960"
"1994","Italy","Total","Person","1,830"
"1994","Cyprus","Total","Person",":"
"1994","Latvia","Total","Person",":"
"1994","Lithuania","Total","Person",":"
"1994","Luxembourg","Total","Person","260"
"1994","Hungary","Total","Person",":"
"1994","Malta","Total","Person",":"
"1994","Netherlands","Total","Person","52,575"
"1994","Austria","Total","Person","5,080"
"1994","Poland","Total","Person","600"
"1994","Portugal","Total","Person","615"
"1994","Romania","Total","Person","645"
"1994","Slovenia","Total","Person","30"
"1994","Slovakia","Total","Person","140"
"1994","Finland","Total","Person","835"
"1994","Sweden","Total","Person","18,640"
"1994","United Kingdom","Total","Person","32,830"
"1994","Iceland","Total","Person",":"
"1994","Norway","Total","Person","3,380"
"1994","Switzerland","Total","Person","15,930"
"1995","European Union (27 countries)","Total","Person",":"
"1995","Belgium","Total","Person","11,410"
"1995","Bulgaria","Total","Person",":"
"1995","Czech Republic","Total","Person",":"
"1995","Denmark","Total","Person","5,105"
"1995","Germany (until 1990 former territory of the FRG)","Total","Person","127,935"
"1995","Estonia","Total","Person",":"
"1995","Ireland","Total","Person","420"
"1995","Greece","Total","Person","1,280"
"1995","Spain","Total","Person","5,680"
"1995","France","Total","Person","20,415"
"1995","Italy","Total","Person","1,760"
"1995","Cyprus","Total","Person",":"
"1995","Latvia","Total","Person",":"
"1995","Lithuania","Total","Person",":"
"1995","Luxembourg","Total","Person","280"
"1995","Hungary","Total","Person",":"
"1995","Malta","Total","Person",":"
"1995","Netherlands","Total","Person","29,260"
"1995","Austria","Total","Person","5,920"
"1995","Poland","Total","Person","840"
"1995","Portugal","Total","Person","330"
"1995","Romania","Total","Person","635"
"1995","Slovenia","Total","Person","35"
"1995","Slovakia","Total","Person","360"
"1995","Finland","Total","Person","850"
"1995","Sweden","Total","Person","9,045"
"1995","United Kingdom","Total","Person","43,965"
"1995","Iceland","Total","Person",":"
"1995","Norway","Total","Person","1,460"
"1995","Switzerland","Total","Person","17,160"
"1996","European Union (27 countries)","Total","Person",":"
"1996","Belgium","Total","Person","12,435"
"1996","Bulgaria","Total","Person",":"
"1996","Czech Republic","Total","Person",":"
"1996","Denmark","Total","Person","5,895"
"1996","Germany (until 1990 former territory of the FRG)","Total","Person","117,335"
"1996","Estonia","Total","Person",":"
"1996","Ireland","Total","Person","1,180"
"1996","Greece","Total","Person","1,640"
"1996","Spain","Total","Person","4,730"
"1996","France","Total","Person","17,405"
"1996","Italy","Total","Person","680"
"1996","Cyprus","Total","Person",":"
"1996","Latvia","Total","Person",":"
"1996","Lithuania","Total","Person",":"
"1996","Luxembourg","Total","Person","265"
"1996","Hungary","Total","Person","1,260"
"1996","Malta","Total","Person",":"
"1996","Netherlands","Total","Person","22,855"
"1996","Austria","Total","Person","6,990"
"1996","Poland","Total","Person","600"
"1996","Portugal","Total","Person","270"
"1996","Romania","Total","Person","585"
"1996","Slovenia","Total","Person","35"
"1996","Slovakia","Total","Person","415"
"1996","Finland","Total","Person","710"
"1996","Sweden","Total","Person","5,775"
"1996","United Kingdom","Total","Person","29,640"
"1996","Iceland","Total","Person",":"
"1996","Norway","Total","Person","1,780"
"1996","Switzerland","Total","Person","18,415"
"1997","European Union (27 countries)","Total","Person",":"
"1997","Belgium","Total","Person","11,790"
"1997","Bulgaria","Total","Person","370"
"1997","Czech Republic","Total","Person","2,110"
"1997","Denmark","Total","Person","5,100"
"1997","Germany (until 1990 former territory of the FRG)","Total","Person","104,355"
"1997","Estonia","Total","Person","0"
"1997","Ireland","Total","Person","3,880"
"1997","Greece","Total","Person","4,375"
"1997","Spain","Total","Person","4,975"
"1997","France","Total","Person","21,415"
"1997","Italy","Total","Person","1,890"
"1997","Cyprus","Total","Person",":"
"1997","Latvia","Total","Person",":"
"1997","Lithuania","Total","Person","240"
"1997","Luxembourg","Total","Person","435"
"1997","Hungary","Total","Person",":"
"1997","Malta","Total","Person","70"
"1997","Netherlands","Total","Person","34,445"
"1997","Austria","Total","Person","6,720"
"1997","Poland","Total","Person","3,580"
"1997","Portugal","Total","Person","250"
"1997","Romania","Total","Person","1,425"
"1997","Slovenia","Total","Person","70"
"1997","Slovakia","Total","Person","645"
"1997","Finland","Total","Person","970"
"1997","Sweden","Total","Person","9,680"
"1997","United Kingdom","Total","Person","32,500"
"1997","Iceland","Total","Person",":"
"1997","Norway","Total","Person","2,270"
"1997","Switzerland","Total","Person","23,795"
"1998","European Union (27 countries)","Total","Person","313,645"
"1998","Belgium","Total","Person","21,965"
"1998","Bulgaria","Total","Person","835"
"1998","Czech Republic","Total","Person","4,085"
"1998","Denmark","Total","Person","5,700"
"1998","Germany (until 1990 former territory of the FRG)","Total","Person","98,645"
"1998","Estonia","Total","Person","25"
"1998","Ireland","Total","Person","4,625"
"1998","Greece","Total","Person","2,950"
"1998","Spain","Total","Person","4,935"
"1998","France","Total","Person","22,375"
"1998","Italy","Total","Person","13,100"
"1998","Cyprus","Total","Person","225"
"1998","Latvia","Total","Person","35"
"1998","Lithuania","Total","Person","160"
"1998","Luxembourg","Total","Person","1,710"
"1998","Hungary","Total","Person","7,120"
"1998","Malta","Total","Person","160"
"1998","Netherlands","Total","Person","45,215"
"1998","Austria","Total","Person","13,805"
"1998","Poland","Total","Person","3,425"
"1998","Portugal","Total","Person","355"
"1998","Romania","Total","Person","1,235"
"1998","Slovenia","Total","Person","335"
"1998","Slovakia","Total","Person","505"
"1998","Finland","Total","Person","1,270"
"1998","Sweden","Total","Person","12,840"
"1998","United Kingdom","Total","Person","46,015"
"1998","Iceland","Total","Person",":"
"1998","Norway","Total","Person","8,375"
"1998","Switzerland","Total","Person","39,885"
"1999","European Union (27 countries)","Total","Person","380,450"
"1999","Belgium","Total","Person","35,780"
"1999","Bulgaria","Total","Person","1,350"
"1999","Czech Republic","Total","Person","7,355"
"1999","Denmark","Total","Person","6,530"
"1999","Germany (until 1990 former territory of the FRG)","Total","Person","94,775"
"1999","Estonia","Total","Person","25"
"1999","Ireland","Total","Person","7,725"
"1999","Greece","Total","Person","1,530"
"1999","Spain","Total","Person","8,405"
"1999","France","Total","Person","30,905"
"1999","Italy","Total","Person","18,450"
"1999","Cyprus","Total","Person","790"
"1999","Latvia","Total","Person","20"
"1999","Lithuania","Total","Person","145"
"1999","Luxembourg","Total","Person","2,930"
"1999","Hungary","Total","Person","11,500"
"1999","Malta","Total","Person","255"
"1999","Netherlands","Total","Person","39,275"
"1999","Austria","Total","Person","20,130"
"1999","Poland","Total","Person","3,060"
"1999","Portugal","Total","Person","305"
"1999","Romania","Total","Person","1,665"
"1999","Slovenia","Total","Person","745"
"1999","Slovakia","Total","Person","1,320"
"1999","Finland","Total","Person","3,105"
"1999","Sweden","Total","Person","11,220"
"1999","United Kingdom","Total","Person","71,160"
"1999","Iceland","Total","Person",":"
"1999","Norway","Total","Person","10,160"
"1999","Switzerland","Total","Person","44,510"
"2000","European Union (27 countries)","Total","Person","406,585"
"2000","Belgium","Total","Person","42,690"
"2000","Bulgaria","Total","Person","1,755"
"2000","Czech Republic","Total","Person","8,790"
"2000","Denmark","Total","Person","10,345"
"2000","Germany (until 1990 former territory of the FRG)","Total","Person","78,565"
"2000","Estonia","Total","Person","5"
"2000","Ireland","Total","Person","10,940"
"2000","Greece","Total","Person","3,085"
"2000","Spain","Total","Person","7,925"
"2000","France","Total","Person","38,745"
"2000","Italy","Total","Person","15,195"
"2000","Cyprus","Total","Person","650"
"2000","Latvia","Total","Person","5"
"2000","Lithuania","Total","Person","305"
"2000","Luxembourg","Total","Person","625"
"2000","Hungary","Total","Person","7,800"
"2000","Malta","Total","Person","160"
"2000","Netherlands","Total","Person","43,895"
"2000","Austria","Total","Person","18,285"
"2000","Poland","Total","Person","4,660"
"2000","Portugal","Total","Person","225"
"2000","Romania","Total","Person","1,365"
"2000","Slovenia","Total","Person","9,245"
"2000","Slovakia","Total","Person","1,555"
"2000","Finland","Total","Person","3,170"
"2000","Sweden","Total","Person","16,285"
"2000","United Kingdom","Total","Person","80,315"
"2000","Iceland","Total","Person",":"
"2000","Norway","Total","Person","10,845"
"2000","Switzerland","Total","Person","17,705"
"2001","European Union (27 countries)","Total","Person","424,180"
"2001","Belgium","Total","Person","24,505"
"2001","Bulgaria","Total","Person","2,430"
"2001","Czech Republic","Total","Person","18,095"
"2001","Denmark","Total","Person","12,510"
"2001","Germany (until 1990 former territory of the FRG)","Total","Person","88,285"
"2001","Estonia","Total","Person","10"
"2001","Ireland","Total","Person","10,325"
"2001","Greece","Total","Person","5,500"
"2001","Spain","Total","Person","9,490"
"2001","France","Total","Person","47,290"
"2001","Italy","Total","Person","17,400"
"2001","Cyprus","Total","Person","1,620"
"2001","Latvia","Total","Person","15"
"2001","Lithuania","Total","Person","425"
"2001","Luxembourg","Total","Person","685"
"2001","Hungary","Total","Person","9,555"
"2001","Malta","Total","Person","155"
"2001","Netherlands","Total","Person","32,580"
"2001","Austria","Total","Person","30,125"
"2001","Poland","Total","Person","4,480"
"2001","Portugal","Total","Person","235"
"2001","Romania","Total","Person","2,280"
"2001","Slovenia","Total","Person","1,510"
"2001","Slovakia","Total","Person","8,150"
"2001","Finland","Total","Person","1,650"
"2001","Sweden","Total","Person","23,500"
"2001","United Kingdom","Total","Person","71,365"
"2001","Iceland","Total","Person",":"
"2001","Norway","Total","Person","14,770"
"2001","Switzerland","Total","Person","19,405"
"2002","European Union (27 countries)","Total","Person","421,470"
"2002","Belgium","Total","Person","18,800"
"2002","Bulgaria","Total","Person","2,890"
"2002","Czech Republic","Total","Person","8,485"
"2002","Denmark","Total","Person","5,945"
"2002","Germany (until 1990 former territory of the FRG)","Total","Person","71,125"
"2002","Estonia","Total","Person","10"
"2002","Ireland","Total","Person","11,635"
"2002","Greece","Total","Person","5,665"
"2002","Spain","Total","Person","6,310"
"2002","France","Total","Person","51,085"
"2002","Italy","Total","Person","16,015"
"2002","Cyprus","Total","Person","950"
"2002","Latvia","Total","Person","25"
"2002","Lithuania","Total","Person","365"
"2002","Luxembourg","Total","Person","1,040"
"2002","Hungary","Total","Person","6,410"
"2002","Malta","Total","Person","350"
"2002","Netherlands","Total","Person","18,665"
"2002","Austria","Total","Person","39,355"
"2002","Poland","Total","Person","5,170"
"2002","Portugal","Total","Person","245"
"2002","Romania","Total","Person","1,000"
"2002","Slovenia","Total","Person","650"
"2002","Slovakia","Total","Person","9,745"
"2002","Finland","Total","Person","3,445"
"2002","Sweden","Total","Person","33,015"
"2002","United Kingdom","Total","Person","103,080"
"2002","Iceland","Total","Person",":"
"2002","Norway","Total","Person","17,480"
"2002","Switzerland","Total","Person","24,430"
"2003","European Union (27 countries)","Total","Person","344,800"
"2003","Belgium","Total","Person","13,585"
"2003","Bulgaria","Total","Person","1,320"
"2003","Czech Republic","Total","Person","11,400"
"2003","Denmark","Total","Person","4,390"
"2003","Germany (until 1990 former territory of the FRG)","Total","Person","50,565"
"2003","Estonia","Total","Person","15"
"2003","Ireland","Total","Person","7,485"
"2003","Greece","Total","Person","8,180"
"2003","Spain","Total","Person","5,765"
"2003","France","Total","Person","59,770"
"2003","Italy","Total","Person","13,705"
"2003","Cyprus","Total","Person","4,405"
"2003","Latvia","Total","Person","5"
"2003","Lithuania","Total","Person","395"
"2003","Luxembourg","Total","Person","1,550"
"2003","Hungary","Total","Person","2,400"
"2003","Malta","Total","Person","455"
"2003","Netherlands","Total","Person","13,400"
"2003","Austria","Total","Person","32,360"
"2003","Poland","Total","Person","6,810"
"2003","Portugal","Total","Person","115"
"2003","Romania","Total","Person","885"
"2003","Slovenia","Total","Person","1,050"
"2003","Slovakia","Total","Person","10,300"
"2003","Finland","Total","Person","3,090"
"2003","Sweden","Total","Person","31,355"
"2003","United Kingdom","Total","Person","60,045"
"2003","Iceland","Total","Person",":"
"2003","Norway","Total","Person","16,020"
"2003","Switzerland","Total","Person","19,545"
"2004","European Union (27 countries)","Total","Person","276,675"
"2004","Belgium","Total","Person","12,400"
"2004","Bulgaria","Total","Person","985"
"2004","Czech Republic","Total","Person","5,300"
"2004","Denmark","Total","Person","3,235"
"2004","Germany (until 1990 former territory of the FRG)","Total","Person","35,605"
"2004","Estonia","Total","Person","10"
"2004","Ireland","Total","Person","4,265"
"2004","Greece","Total","Person","4,470"
"2004","Spain","Total","Person","5,365"
"2004","France","Total","Person","58,545"
"2004","Italy","Total","Person","9,630"
"2004","Cyprus","Total","Person","9,675"
"2004","Latvia","Total","Person","5"
"2004","Lithuania","Total","Person","165"
"2004","Luxembourg","Total","Person","1,575"
"2004","Hungary","Total","Person","1,600"
"2004","Malta","Total","Person","995"
"2004","Netherlands","Total","Person","9,780"
"2004","Austria","Total","Person","24,635"
"2004","Poland","Total","Person","7,925"
"2004","Portugal","Total","Person","115"
"2004","Romania","Total","Person","545"
"2004","Slovenia","Total","Person","1,090"
"2004","Slovakia","Total","Person","11,395"
"2004","Finland","Total","Person","3,575"
"2004","Sweden","Total","Person","23,160"
"2004","United Kingdom","Total","Person","40,625"
"2004","Iceland","Total","Person",":"
"2004","Norway","Total","Person","7,950"
"2004","Switzerland","Total","Person","13,475"
"2005","European Union (27 countries)","Total","Person","234,675"
"2005","Belgium","Total","Person","12,575"
"2005","Bulgaria","Total","Person","700"
"2005","Czech Republic","Total","Person","3,590"
"2005","Denmark","Total","Person","2,280"
"2005","Germany (until 1990 former territory of the FRG)","Total","Person","28,915"
"2005","Estonia","Total","Person","10"
"2005","Ireland","Total","Person","4,305"
"2005","Greece","Total","Person","9,050"
"2005","Spain","Total","Person","5,050"
"2005","France","Total","Person","49,735"
"2005","Italy","Total","Person","9,345"
"2005","Cyprus","Total","Person","7,715"
"2005","Latvia","Total","Person","20"
"2005","Lithuania","Total","Person","100"
"2005","Luxembourg","Total","Person","800"
"2005","Hungary","Total","Person","1,610"
"2005","Malta","Total","Person","1,165"
"2005","Netherlands","Total","Person","12,345"
"2005","Austria","Total","Person","22,460"
"2005","Poland","Total","Person","5,240"
"2005","Portugal","Total","Person","115"
"2005","Romania","Total","Person","485"
"2005","Slovenia","Total","Person","1,550"
"2005","Slovakia","Total","Person","3,550"
"2005","Finland","Total","Person","3,595"
"2005","Sweden","Total","Person","17,530"
"2005","United Kingdom","Total","Person","30,840"
"2005","Iceland","Total","Person","85"
"2005","Norway","Total","Person","5,400"
"2005","Switzerland","Total","Person","9,350"
"2006","European Union (27 countries)","Total","Person","197,410"
"2006","Belgium","Total","Person","8,870"
"2006","Bulgaria","Total","Person","500"
"2006","Czech Republic","Total","Person","2,730"
"2006","Denmark","Total","Person","1,960"
"2006","Germany (until 1990 former territory of the FRG)","Total","Person","21,030"
"2006","Estonia","Total","Person","5"
"2006","Ireland","Total","Person","4,240"
"2006","Greece","Total","Person","12,265"
"2006","Spain","Total","Person","5,295"
"2006","France","Total","Person","30,750"
"2006","Italy","Total","Person","10,350"
"2006","Cyprus","Total","Person","4,540"
"2006","Latvia","Total","Person","10"
"2006","Lithuania","Total","Person","145"
"2006","Luxembourg","Total","Person","525"
"2006","Hungary","Total","Person","2,115"
"2006","Malta","Total","Person","1,270"
"2006","Netherlands","Total","Person","14,465"
"2006","Austria","Total","Person","13,350"
"2006","Poland","Total","Person","4,225"
"2006","Portugal","Total","Person","130"
"2006","Romania","Total","Person","380"
"2006","Slovenia","Total","Person","500"
"2006","Slovakia","Total","Person","2,850"
"2006","Finland","Total","Person","2,275"
"2006","Sweden","Total","Person","24,320"
"2006","United Kingdom","Total","Person","28,320"
"2006","Iceland","Total","Person","40"
"2006","Norway","Total","Person","5,320"
"2006","Switzerland","Total","Person","9,315"
"2007","European Union (27 countries)","Total","Person","222,635"
"2007","Belgium","Total","Person","11,575"
"2007","Bulgaria","Total","Person","815"
"2007","Czech Republic","Total","Person","1,585"
"2007","Denmark","Total","Person","2,225"
"2007","Germany (until 1990 former territory of the FRG)","Total","Person","19,165"
"2007","Estonia","Total","Person","15"
"2007","Ireland","Total","Person","3,935"
"2007","Greece","Total","Person","25,115"
"2007","Spain","Total","Person","7,195"
"2007","France","Total","Person","29,160"
"2007","Italy","Total","Person","14,055"
"2007","Cyprus","Total","Person","6,780"
"2007","Latvia","Total","Person","35"
"2007","Lithuania","Total","Person","125"
"2007","Luxembourg","Total","Person","425"
"2007","Hungary","Total","Person","3,420"
"2007","Malta","Total","Person","1,380"
"2007","Netherlands","Total","Person","7,100"
"2007","Austria","Total","Person","11,920"
"2007","Poland","Total","Person","7,205"
"2007","Portugal","Total","Person","225"
"2007","Romania","Total","Person","660"
"2007","Slovenia","Total","Person","370"
"2007","Slovakia","Total","Person","2,640"
"2007","Finland","Total","Person","1,405"
"2007","Sweden","Total","Person","36,205"
"2007","United Kingdom","Total","Person","27,905"
"2007","Iceland","Total","Person",":"
"2007","Norway","Total","Person",":"
"2007","Switzerland","Total","Person","9,525"
